<?xml version="1.0" encoding="UTF-8" standalone="yes"?>
<library>
    <authors>
        <author>
            <idauthor>2</idauthor>
            <name>Andi Gutmans</name>
            <booksCollection>5</booksCollection>
        </author>
        <author>
            <idauthor>8</idauthor>
            <name>Bedřich Beneš</name>
            <booksCollection>1</booksCollection>
        </author>
        <author>
            <idauthor>17</idauthor>
            <name>Brian Marick</name>
            <booksCollection>17</booksCollection>
        </author>
        <author>
            <idauthor>13</idauthor>
            <name>David A. Vise</name>
            <booksCollection>12</booksCollection>
        </author>
        <author>
            <idauthor>4</idauthor>
            <name>Derick Rethans</name>
            <booksCollection>5</booksCollection>
        </author>
        <author>
            <idauthor>5</idauthor>
            <name>Jiří Kosek</name>
            <booksCollection>4</booksCollection>
        </author>
        <author>
            <idauthor>9</idauthor>
            <name>Jiří Sochor</name>
            <booksCollection>1</booksCollection>
        </author>
        <author>
            <idauthor>7</idauthor>
            <name>Jiří Žára</name>
            <booksCollection>1</booksCollection>
        </author>
        <author>
            <idauthor>15</idauthor>
            <name>Lukáš Jelínek</name>
            <booksCollection>14</booksCollection>
        </author>
        <author>
            <idauthor>14</idauthor>
            <name>Mark Malseed</name>
            <booksCollection>12</booksCollection>
        </author>
        <author>
            <idauthor>10</idauthor>
            <name>Petr Felkel</name>
            <booksCollection>1</booksCollection>
        </author>
        <author>
            <idauthor>12</idauthor>
            <name>Robert Anton Wilson</name>
            <booksCollection>8</booksCollection>
            <booksCollection>9</booksCollection>
        </author>
        <author>
            <idauthor>11</idauthor>
            <name>Robert J. Shea</name>
            <booksCollection>8</booksCollection>
            <booksCollection>9</booksCollection>
        </author>
        <author>
            <idauthor>1</idauthor>
            <name>Sharon Zakhour</name>
            <booksCollection>6</booksCollection>
        </author>
        <author>
            <idauthor>6</idauthor>
            <name>Stephen Prata</name>
            <booksCollection>3</booksCollection>
        </author>
        <author>
            <idauthor>16</idauthor>
            <name>Steve McConnel</name>
            <booksCollection>16</booksCollection>
        </author>
        <author>
            <idauthor>3</idauthor>
            <name>Stig Saether Bakken</name>
            <booksCollection>5</booksCollection>
        </author>
    </authors>
    <books>
        <book>
            <idbook>16</idbook>
            <name>Dokonalý kód</name>
            <year>2006-01-01T00:00:00+01:00</year>
            <pages>896</pages>
            <edition>1</edition>
            <place>Brno</place>
            <type>isbn</type>
            <code>80-251-0849-X</code>
            <authorCollection>16</authorCollection>
            <publisher>1</publisher>
            <genre>93</genre>
            <bookingCollection>6</bookingCollection>
            <exemplarCollection>31</exemplarCollection>
        </book>
        <book>
            <idbook>12</idbook>
            <name>Google Strory</name>
            <year>2007-01-01T00:00:00+01:00</year>
            <pages>368</pages>
            <edition>1</edition>
            <place>Praha</place>
            <type>isbn</type>
            <code>978-80-7349-34-8</code>
            <authorCollection>13</authorCollection>
            <authorCollection>14</authorCollection>
            <publisher>4</publisher>
            <genre>93</genre>
            <bookingCollection>2</bookingCollection>
            <bookingCollection>5</bookingCollection>
            <exemplarCollection>28</exemplarCollection>
        </book>
        <book>
            <idbook>8</idbook>
            <name>Illuminatus 2 - zlaté jablko</name>
            <year>2000-01-01T00:00:00+01:00</year>
            <pages>246</pages>
            <edition>1</edition>
            <place>Praha</place>
            <type>isbn</type>
            <code>80-7287-002-5</code>
            <authorCollection>11</authorCollection>
            <authorCollection>12</authorCollection>
            <publisher>3</publisher>
            <genre>133</genre>
            <exemplarCollection>22</exemplarCollection>
            <exemplarCollection>23</exemplarCollection>
        </book>
        <book>
            <idbook>9</idbook>
            <name>Illuminatus 3 - Leviatan</name>
            <year>2003-01-01T00:00:00+01:00</year>
            <pages>280</pages>
            <edition>1</edition>
            <place>Praha</place>
            <type>isbn</type>
            <code>80-7287-044-0</code>
            <authorCollection>11</authorCollection>
            <authorCollection>12</authorCollection>
            <publisher>3</publisher>
            <genre>133</genre>
            <exemplarCollection>24</exemplarCollection>
            <exemplarCollection>25</exemplarCollection>
            <exemplarCollection>26</exemplarCollection>
            <exemplarCollection>27</exemplarCollection>
        </book>
        <book>
            <idbook>14</idbook>
            <name>Jádro systému Linux</name>
            <year>2008-01-01T00:00:00+01:00</year>
            <pages>686</pages>
            <edition>1</edition>
            <place>Brno</place>
            <type>isbn</type>
            <code>978-80-251-2084-2</code>
            <authorCollection>15</authorCollection>
            <publisher>1</publisher>
            <genre>93</genre>
            <exemplarCollection>29</exemplarCollection>
            <exemplarCollection>30</exemplarCollection>
        </book>
        <book>
            <idbook>6</idbook>
            <name>Java 6 - Výukový kurz</name>
            <year>2007-01-01T00:00:00+01:00</year>
            <pages>536</pages>
            <edition>1</edition>
            <place>Brno</place>
            <type>isbn</type>
            <code>978-80-251-1575-6</code>
            <authorCollection>1</authorCollection>
            <publisher>1</publisher>
            <genre>93</genre>
            <bookingCollection>1</bookingCollection>
            <exemplarCollection>20</exemplarCollection>
        </book>
        <book>
            <idbook>3</idbook>
            <name>Mistrovství v C++ - 2. aktualizované vydání</name>
            <year>2004-01-01T00:00:00+01:00</year>
            <pages>1006</pages>
            <edition>2</edition>
            <place>Brno</place>
            <type>isbn</type>
            <code>80-251-0098-7</code>
            <authorCollection>6</authorCollection>
            <publisher>1</publisher>
            <genre>93</genre>
            <exemplarCollection>11</exemplarCollection>
            <exemplarCollection>12</exemplarCollection>
            <exemplarCollection>13</exemplarCollection>
            <exemplarCollection>14</exemplarCollection>
            <exemplarCollection>15</exemplarCollection>
            <exemplarCollection>16</exemplarCollection>
        </book>
        <book>
            <idbook>5</idbook>
            <name>Mistrovství v PHP 5</name>
            <year>2007-01-01T00:00:00+01:00</year>
            <pages>655</pages>
            <edition>1</edition>
            <place>Brno</place>
            <type>isbn</type>
            <code>978-80-251-1519-0</code>
            <authorCollection>2</authorCollection>
            <authorCollection>3</authorCollection>
            <authorCollection>4</authorCollection>
            <publisher>1</publisher>
            <genre>93</genre>
            <bookingCollection>3</bookingCollection>
            <bookingCollection>7</bookingCollection>
            <exemplarCollection>18</exemplarCollection>
            <exemplarCollection>19</exemplarCollection>
        </book>
        <book>
            <idbook>1</idbook>
            <name>Moderní počítačová grafika</name>
            <year>2004-01-01T00:00:00+01:00</year>
            <pages>611</pages>
            <edition>1</edition>
            <place>Brno</place>
            <type>isbn</type>
            <code>80-251-0454</code>
            <authorCollection>7</authorCollection>
            <authorCollection>8</authorCollection>
            <authorCollection>9</authorCollection>
            <authorCollection>10</authorCollection>
            <publisher>1</publisher>
            <genre>93</genre>
            <exemplarCollection>1</exemplarCollection>
            <exemplarCollection>2</exemplarCollection>
            <exemplarCollection>3</exemplarCollection>
        </book>
        <book>
            <idbook>4</idbook>
            <name>PHP - tvorba interaktivních internetových aplikací, podrobný průvodce</name>
            <year>1999-01-01T00:00:00+01:00</year>
            <pages>492</pages>
            <edition>1</edition>
            <place>Praha</place>
            <type>isbn</type>
            <code>80-7169-373-1</code>
            <authorCollection>5</authorCollection>
            <publisher>2</publisher>
            <genre>93</genre>
            <exemplarCollection>17</exemplarCollection>
        </book>
        <book>
            <idbook>17</idbook>
            <name>The craft of software testing</name>
            <year>1995-01-01T00:00:00+01:00</year>
            <pages>554</pages>
            <edition>1</edition>
            <place>New Jersey</place>
            <type>isbn</type>
            <code>0-13-177411-5</code>
            <authorCollection>17</authorCollection>
            <publisher>5</publisher>
            <genre>3</genre>
            <exemplarCollection>32</exemplarCollection>
        </book>
    </books>
    <bookings>
        <booking>
            <idbooking>1</idbooking>
            <date>2011-05-02T00:00:00+02:00</date>
            <state>0</state>
            <user>1</user>
            <book>6</book>
        </booking>
        <booking>
            <idbooking>2</idbooking>
            <date>2011-05-02T00:00:00+02:00</date>
            <state>0</state>
            <user>3</user>
            <book>12</book>
        </booking>
        <booking>
            <idbooking>3</idbooking>
            <date>2011-05-02T00:00:00+02:00</date>
            <state>0</state>
            <user>3</user>
            <book>5</book>
        </booking>
        <booking>
            <idbooking>5</idbooking>
            <date>2011-05-02T00:00:00+02:00</date>
            <state>0</state>
            <user>5</user>
            <book>12</book>
        </booking>
        <booking>
            <idbooking>6</idbooking>
            <date>2011-05-02T00:00:00+02:00</date>
            <state>0</state>
            <user>6</user>
            <book>16</book>
        </booking>
        <booking>
            <idbooking>7</idbooking>
            <date>2011-05-02T00:00:00+02:00</date>
            <state>0</state>
            <user>2</user>
            <book>5</book>
        </booking>
    </bookings>
    <borrows>
        <borrow>
            <idborrow>1</idborrow>
            <borrowed>2011-02-13T00:00:00+01:00</borrowed>
            <returned>2011-04-05T00:00:00+02:00</returned>
            <prolongations>2</prolongations>
            <user>3</user>
            <exemplar>22</exemplar>
        </borrow>
        <borrow>
            <idborrow>2</idborrow>
            <borrowed>2011-03-20T00:00:00+01:00</borrowed>
            <returned>2011-04-30T00:00:00+02:00</returned>
            <prolongations>1</prolongations>
            <user>3</user>
            <exemplar>25</exemplar>
        </borrow>
        <borrow>
            <idborrow>3</idborrow>
            <borrowed>2011-04-01T00:00:00+02:00</borrowed>
            <prolongations>0</prolongations>
            <user>3</user>
            <exemplar>1</exemplar>
        </borrow>
        <borrow>
            <idborrow>4</idborrow>
            <borrowed>2010-12-18T00:00:00+01:00</borrowed>
            <returned>2011-02-14T00:00:00+01:00</returned>
            <prolongations>1</prolongations>
            <user>1</user>
            <exemplar>12</exemplar>
        </borrow>
        <borrow>
            <idborrow>5</idborrow>
            <borrowed>2011-04-20T00:00:00+02:00</borrowed>
            <prolongations>0</prolongations>
            <user>1</user>
            <exemplar>18</exemplar>
        </borrow>
        <borrow>
            <idborrow>6</idborrow>
            <borrowed>2011-01-02T00:00:00+01:00</borrowed>
            <prolongations>0</prolongations>
            <user>2</user>
            <exemplar>29</exemplar>
        </borrow>
        <borrow>
            <idborrow>7</idborrow>
            <borrowed>2011-05-02T00:00:00+02:00</borrowed>
            <prolongations>0</prolongations>
            <user>5</user>
            <exemplar>31</exemplar>
        </borrow>
        <borrow>
            <idborrow>8</idborrow>
            <borrowed>2011-05-02T00:00:00+02:00</borrowed>
            <prolongations>0</prolongations>
            <user>6</user>
            <exemplar>22</exemplar>
        </borrow>
        <borrow>
            <idborrow>9</idborrow>
            <borrowed>2011-05-02T00:00:00+02:00</borrowed>
            <prolongations>0</prolongations>
            <user>4</user>
            <exemplar>12</exemplar>
        </borrow>
    </borrows>
    <exemplars>
        <exemplar>
            <idexemplar>1</idexemplar>
            <aquired>2004-04-13T00:00:00+02:00</aquired>
            <state>0</state>
            <book>1</book>
            <borrowCollection>3</borrowCollection>
        </exemplar>
        <exemplar>
            <idexemplar>2</idexemplar>
            <aquired>2004-04-13T00:00:00+02:00</aquired>
            <state>0</state>
            <book>1</book>
        </exemplar>
        <exemplar>
            <idexemplar>3</idexemplar>
            <aquired>2006-07-23T00:00:00+02:00</aquired>
            <state>1</state>
            <book>1</book>
        </exemplar>
        <exemplar>
            <idexemplar>11</idexemplar>
            <aquired>2004-10-11T00:00:00+02:00</aquired>
            <state>0</state>
            <book>3</book>
        </exemplar>
        <exemplar>
            <idexemplar>12</idexemplar>
            <aquired>2004-10-11T00:00:00+02:00</aquired>
            <state>0</state>
            <book>3</book>
            <borrowCollection>4</borrowCollection>
            <borrowCollection>9</borrowCollection>
        </exemplar>
        <exemplar>
            <idexemplar>13</idexemplar>
            <aquired>2004-10-11T00:00:00+02:00</aquired>
            <state>0</state>
            <book>3</book>
        </exemplar>
        <exemplar>
            <idexemplar>14</idexemplar>
            <aquired>2004-10-11T00:00:00+02:00</aquired>
            <state>0</state>
            <book>3</book>
        </exemplar>
        <exemplar>
            <idexemplar>15</idexemplar>
            <aquired>2007-05-30T00:00:00+02:00</aquired>
            <state>0</state>
            <book>3</book>
        </exemplar>
        <exemplar>
            <idexemplar>16</idexemplar>
            <aquired>2007-05-30T00:00:00+02:00</aquired>
            <state>0</state>
            <book>3</book>
        </exemplar>
        <exemplar>
            <idexemplar>17</idexemplar>
            <aquired>1999-12-12T00:00:00+01:00</aquired>
            <state>0</state>
            <book>4</book>
        </exemplar>
        <exemplar>
            <idexemplar>18</idexemplar>
            <aquired>2008-02-19T00:00:00+01:00</aquired>
            <state>0</state>
            <book>5</book>
            <borrowCollection>5</borrowCollection>
        </exemplar>
        <exemplar>
            <idexemplar>19</idexemplar>
            <aquired>2008-02-19T00:00:00+01:00</aquired>
            <state>0</state>
            <book>5</book>
        </exemplar>
        <exemplar>
            <idexemplar>20</idexemplar>
            <aquired>2007-01-03T00:00:00+01:00</aquired>
            <state>0</state>
            <book>6</book>
        </exemplar>
        <exemplar>
            <idexemplar>22</idexemplar>
            <aquired>2000-09-11T00:00:00+02:00</aquired>
            <state>0</state>
            <book>8</book>
            <borrowCollection>1</borrowCollection>
            <borrowCollection>8</borrowCollection>
        </exemplar>
        <exemplar>
            <idexemplar>23</idexemplar>
            <aquired>2000-09-11T00:00:00+02:00</aquired>
            <state>0</state>
            <book>8</book>
        </exemplar>
        <exemplar>
            <idexemplar>24</idexemplar>
            <aquired>2004-12-11T00:00:00+01:00</aquired>
            <state>0</state>
            <book>9</book>
        </exemplar>
        <exemplar>
            <idexemplar>25</idexemplar>
            <aquired>2004-12-11T00:00:00+01:00</aquired>
            <state>0</state>
            <book>9</book>
            <borrowCollection>2</borrowCollection>
        </exemplar>
        <exemplar>
            <idexemplar>26</idexemplar>
            <aquired>2004-12-11T00:00:00+01:00</aquired>
            <state>0</state>
            <book>9</book>
        </exemplar>
        <exemplar>
            <idexemplar>27</idexemplar>
            <aquired>2004-12-11T00:00:00+01:00</aquired>
            <state>0</state>
            <book>9</book>
        </exemplar>
        <exemplar>
            <idexemplar>28</idexemplar>
            <aquired>2007-08-07T00:00:00+02:00</aquired>
            <state>0</state>
            <book>12</book>
        </exemplar>
        <exemplar>
            <idexemplar>29</idexemplar>
            <aquired>2008-12-20T00:00:00+01:00</aquired>
            <state>0</state>
            <book>14</book>
            <borrowCollection>6</borrowCollection>
        </exemplar>
        <exemplar>
            <idexemplar>30</idexemplar>
            <aquired>2010-05-12T00:00:00+02:00</aquired>
            <state>0</state>
            <book>14</book>
        </exemplar>
        <exemplar>
            <idexemplar>31</idexemplar>
            <aquired>2006-07-11T00:00:00+02:00</aquired>
            <state>0</state>
            <book>16</book>
            <borrowCollection>7</borrowCollection>
        </exemplar>
        <exemplar>
            <idexemplar>32</idexemplar>
            <aquired>1998-04-23T00:00:00+02:00</aquired>
            <state>0</state>
            <book>17</book>
        </exemplar>
    </exemplars>
    <genres>
        <genre>
            <idgenre>2</idgenre>
            <name>Aforismy</name>
        </genre>
        <genre>
            <idgenre>3</idgenre>
            <name>Alternativní medicína</name>
            <booksCollection>17</booksCollection>
        </genre>
        <genre>
            <idgenre>4</idgenre>
            <name>Antologie</name>
        </genre>
        <genre>
            <idgenre>5</idgenre>
            <name>Astrologie</name>
        </genre>
        <genre>
            <idgenre>6</idgenre>
            <name>Astronomie</name>
        </genre>
        <genre>
            <idgenre>7</idgenre>
            <name>Audiokniha</name>
        </genre>
        <genre>
            <idgenre>8</idgenre>
            <name>Autentické svědectví</name>
        </genre>
        <genre>
            <idgenre>9</idgenre>
            <name>Autobiografický román</name>
        </genre>
        <genre>
            <idgenre>10</idgenre>
            <name>Autobiografie</name>
        </genre>
        <genre>
            <idgenre>11</idgenre>
            <name>Báje a pověsti</name>
        </genre>
        <genre>
            <idgenre>12</idgenre>
            <name>Bajky</name>
        </genre>
        <genre>
            <idgenre>13</idgenre>
            <name>Balada</name>
        </genre>
        <genre>
            <idgenre>14</idgenre>
            <name>Báseň</name>
        </genre>
        <genre>
            <idgenre>15</idgenre>
            <name>Básně</name>
        </genre>
        <genre>
            <idgenre>16</idgenre>
            <name>Básnická sbírka</name>
        </genre>
        <genre>
            <idgenre>17</idgenre>
            <name>Beletrie</name>
        </genre>
        <genre>
            <idgenre>18</idgenre>
            <name>Biografický román</name>
        </genre>
        <genre>
            <idgenre>19</idgenre>
            <name>Biografie</name>
        </genre>
        <genre>
            <idgenre>20</idgenre>
            <name>Brožura</name>
        </genre>
        <genre>
            <idgenre>21</idgenre>
            <name>Červená knihovna</name>
        </genre>
        <genre>
            <idgenre>22</idgenre>
            <name>Česká klasika</name>
        </genre>
        <genre>
            <idgenre>23</idgenre>
            <name>Česká próza</name>
        </genre>
        <genre>
            <idgenre>24</idgenre>
            <name>Český román</name>
        </genre>
        <genre>
            <idgenre>25</idgenre>
            <name>Cestopis</name>
        </genre>
        <genre>
            <idgenre>26</idgenre>
            <name>Citáty</name>
        </genre>
        <genre>
            <idgenre>27</idgenre>
            <name>Dějiny</name>
        </genre>
        <genre>
            <idgenre>28</idgenre>
            <name>Deníkové záznamy</name>
        </genre>
        <genre>
            <idgenre>29</idgenre>
            <name>Detektivka</name>
        </genre>
        <genre>
            <idgenre>30</idgenre>
            <name>Detektivní komedie</name>
        </genre>
        <genre>
            <idgenre>31</idgenre>
            <name>Detektivní povídky</name>
        </genre>
        <genre>
            <idgenre>32</idgenre>
            <name>Detektivní román</name>
        </genre>
        <genre>
            <idgenre>33</idgenre>
            <name>Dětská literatura</name>
        </genre>
        <genre>
            <idgenre>34</idgenre>
            <name>Dievčenský román</name>
        </genre>
        <genre>
            <idgenre>35</idgenre>
            <name>Divadelní hra</name>
        </genre>
        <genre>
            <idgenre>36</idgenre>
            <name>Divadelní hra - komedie</name>
        </genre>
        <genre>
            <idgenre>37</idgenre>
            <name>Divadelní hra - tragédie</name>
        </genre>
        <genre>
            <idgenre>38</idgenre>
            <name>Divadlo</name>
        </genre>
        <genre>
            <idgenre>39</idgenre>
            <name>Dívčí román</name>
        </genre>
        <genre>
            <idgenre>40</idgenre>
            <name>Dobrodružný román</name>
        </genre>
        <genre>
            <idgenre>41</idgenre>
            <name>Dokumentární román</name>
        </genre>
        <genre>
            <idgenre>42</idgenre>
            <name>Drama</name>
        </genre>
        <genre>
            <idgenre>43</idgenre>
            <name>Dvojjazyčná kniha</name>
        </genre>
        <genre>
            <idgenre>44</idgenre>
            <name>Encyklopedie</name>
        </genre>
        <genre>
            <idgenre>45</idgenre>
            <name>Encyklopedie pro děti</name>
        </genre>
        <genre>
            <idgenre>46</idgenre>
            <name>Epika</name>
        </genre>
        <genre>
            <idgenre>47</idgenre>
            <name>Esej</name>
        </genre>
        <genre>
            <idgenre>48</idgenre>
            <name>Eseje, úvahy</name>
        </genre>
        <genre>
            <idgenre>49</idgenre>
            <name>Esoterika</name>
        </genre>
        <genre>
            <idgenre>50</idgenre>
            <name>Etno</name>
        </genre>
        <genre>
            <idgenre>51</idgenre>
            <name>Fantasy</name>
        </genre>
        <genre>
            <idgenre>52</idgenre>
            <name>Fantasy - gamebook</name>
        </genre>
        <genre>
            <idgenre>53</idgenre>
            <name>Fantasy povídky</name>
        </genre>
        <genre>
            <idgenre>54</idgenre>
            <name>Fantasy, horor</name>
        </genre>
        <genre>
            <idgenre>55</idgenre>
            <name>Fauna</name>
        </genre>
        <genre>
            <idgenre>56</idgenre>
            <name>Fejetony</name>
        </genre>
        <genre>
            <idgenre>57</idgenre>
            <name>Fejetony, citáty</name>
        </genre>
        <genre>
            <idgenre>58</idgenre>
            <name>Film</name>
        </genre>
        <genre>
            <idgenre>59</idgenre>
            <name>Filosofické spisy</name>
        </genre>
        <genre>
            <idgenre>60</idgenre>
            <name>Flora</name>
        </genre>
        <genre>
            <idgenre>61</idgenre>
            <name>Fotografická publikace</name>
        </genre>
        <genre>
            <idgenre>62</idgenre>
            <name>Historické příběhy a pověsti</name>
        </genre>
        <genre>
            <idgenre>63</idgenre>
            <name>Historický román</name>
        </genre>
        <genre>
            <idgenre>64</idgenre>
            <name>Hobby</name>
        </genre>
        <genre>
            <idgenre>65</idgenre>
            <name>Hobby - muži</name>
        </genre>
        <genre>
            <idgenre>66</idgenre>
            <name>Hobby - ženy</name>
        </genre>
        <genre>
            <idgenre>67</idgenre>
            <name>Horor</name>
        </genre>
        <genre>
            <idgenre>68</idgenre>
            <name>Hudba</name>
        </genre>
        <genre>
            <idgenre>69</idgenre>
            <name>Humor</name>
        </genre>
        <genre>
            <idgenre>70</idgenre>
            <name>Humoristický román</name>
        </genre>
        <genre>
            <idgenre>71</idgenre>
            <name>Komiks</name>
        </genre>
        <genre>
            <idgenre>72</idgenre>
            <name>Korespondence</name>
        </genre>
        <genre>
            <idgenre>73</idgenre>
            <name>Kriminální příběhy</name>
        </genre>
        <genre>
            <idgenre>74</idgenre>
            <name>Kronika</name>
        </genre>
        <genre>
            <idgenre>75</idgenre>
            <name>Kuchařky</name>
        </genre>
        <genre>
            <idgenre>76</idgenre>
            <name>Legenda</name>
        </genre>
        <genre>
            <idgenre>77</idgenre>
            <name>Literatura faktu</name>
        </genre>
        <genre>
            <idgenre>78</idgenre>
            <name>Lyrika</name>
        </genre>
        <genre>
            <idgenre>79</idgenre>
            <name>Malířství</name>
        </genre>
        <genre>
            <idgenre>80</idgenre>
            <name>Medicína - zdraví</name>
        </genre>
        <genre>
            <idgenre>81</idgenre>
            <name>Monografie</name>
        </genre>
        <genre>
            <idgenre>82</idgenre>
            <name>Náboženství</name>
        </genre>
        <genre>
            <idgenre>83</idgenre>
            <name>Náboženství, mystika</name>
        </genre>
        <genre>
            <idgenre>84</idgenre>
            <name>Naučná literatura</name>
        </genre>
        <genre>
            <idgenre>85</idgenre>
            <name>Naučno - populární</name>
        </genre>
        <genre>
            <idgenre>86</idgenre>
            <name>Novela</name>
        </genre>
        <genre>
            <idgenre>87</idgenre>
            <name>Odborná publikace</name>
        </genre>
        <genre>
            <idgenre>88</idgenre>
            <name>Opereta</name>
        </genre>
        <genre>
            <idgenre>89</idgenre>
            <name>Osobnosti</name>
        </genre>
        <genre>
            <idgenre>90</idgenre>
            <name>Paměti</name>
        </genre>
        <genre>
            <idgenre>91</idgenre>
            <name>Parodie na špionážní thrillery</name>
        </genre>
        <genre>
            <idgenre>92</idgenre>
            <name>Písně</name>
        </genre>
        <genre>
            <idgenre>93</idgenre>
            <name>Počítačová literatura</name>
            <booksCollection>1</booksCollection>
            <booksCollection>3</booksCollection>
            <booksCollection>4</booksCollection>
            <booksCollection>5</booksCollection>
            <booksCollection>6</booksCollection>
            <booksCollection>12</booksCollection>
            <booksCollection>14</booksCollection>
            <booksCollection>16</booksCollection>
        </genre>
        <genre>
            <idgenre>94</idgenre>
            <name>Poéma</name>
        </genre>
        <genre>
            <idgenre>95</idgenre>
            <name>Poesie pro děti</name>
        </genre>
        <genre>
            <idgenre>96</idgenre>
            <name>Poezie</name>
        </genre>
        <genre>
            <idgenre>97</idgenre>
            <name>Pohádka</name>
        </genre>
        <genre>
            <idgenre>98</idgenre>
            <name>Pohádková detektivka</name>
        </genre>
        <genre>
            <idgenre>99</idgenre>
            <name>Pohádková próza</name>
        </genre>
        <genre>
            <idgenre>100</idgenre>
            <name>Pohádkové příběhy</name>
        </genre>
        <genre>
            <idgenre>101</idgenre>
            <name>Pohádky</name>
        </genre>
        <genre>
            <idgenre>102</idgenre>
            <name>Pojednání</name>
        </genre>
        <genre>
            <idgenre>103</idgenre>
            <name>Politika</name>
        </genre>
        <genre>
            <idgenre>104</idgenre>
            <name>Pověsti</name>
        </genre>
        <genre>
            <idgenre>105</idgenre>
            <name>Povídka</name>
        </genre>
        <genre>
            <idgenre>106</idgenre>
            <name>Povídková kniha</name>
        </genre>
        <genre>
            <idgenre>107</idgenre>
            <name>Povídková sbírka</name>
        </genre>
        <genre>
            <idgenre>108</idgenre>
            <name>Povídky a apokryfy</name>
        </genre>
        <genre>
            <idgenre>109</idgenre>
            <name>Přednášky</name>
        </genre>
        <genre>
            <idgenre>110</idgenre>
            <name>Příběh</name>
        </genre>
        <genre>
            <idgenre>111</idgenre>
            <name>Příroda, zvířata</name>
        </genre>
        <genre>
            <idgenre>112</idgenre>
            <name>Příručka</name>
        </genre>
        <genre>
            <idgenre>113</idgenre>
            <name>Proslov</name>
        </genre>
        <genre>
            <idgenre>114</idgenre>
            <name>Próza</name>
        </genre>
        <genre>
            <idgenre>115</idgenre>
            <name>Průvodce</name>
        </genre>
        <genre>
            <idgenre>116</idgenre>
            <name>Psychologie</name>
        </genre>
        <genre>
            <idgenre>117</idgenre>
            <name>Publicistika</name>
        </genre>
        <genre>
            <idgenre>118</idgenre>
            <name>Publikace</name>
        </genre>
        <genre>
            <idgenre>119</idgenre>
            <name>Reportáž</name>
        </genre>
        <genre>
            <idgenre>120</idgenre>
            <name>Rodina</name>
        </genre>
        <genre>
            <idgenre>121</idgenre>
            <name>Rodová sága</name>
        </genre>
        <genre>
            <idgenre>122</idgenre>
            <name>Román</name>
        </genre>
        <genre>
            <idgenre>123</idgenre>
            <name>Román pro ženy</name>
        </genre>
        <genre>
            <idgenre>124</idgenre>
            <name>Romaneto</name>
        </genre>
        <genre>
            <idgenre>125</idgenre>
            <name>Románový cestopis</name>
        </genre>
        <genre>
            <idgenre>126</idgenre>
            <name>Rozhovory</name>
        </genre>
        <genre>
            <idgenre>127</idgenre>
            <name>Satira</name>
        </genre>
        <genre>
            <idgenre>128</idgenre>
            <name>Sborník</name>
        </genre>
        <genre>
            <idgenre>129</idgenre>
            <name>Scénář k filmu</name>
        </genre>
        <genre>
            <idgenre>130</idgenre>
            <name>Sci-fi</name>
        </genre>
        <genre>
            <idgenre>131</idgenre>
            <name>Sci-fi povídky</name>
        </genre>
        <genre>
            <idgenre>132</idgenre>
            <name>Sci-fi, fantasy</name>
        </genre>
        <genre>
            <idgenre>133</idgenre>
            <name>Scifi</name>
            <booksCollection>8</booksCollection>
            <booksCollection>9</booksCollection>
        </genre>
        <genre>
            <idgenre>134</idgenre>
            <name>Skladba</name>
        </genre>
        <genre>
            <idgenre>135</idgenre>
            <name>Slovník</name>
        </genre>
        <genre>
            <idgenre>136</idgenre>
            <name>Sociologie</name>
        </genre>
        <genre>
            <idgenre>137</idgenre>
            <name>Souborné vydání</name>
        </genre>
        <genre>
            <idgenre>138</idgenre>
            <name>Soudničky</name>
        </genre>
        <genre>
            <idgenre>139</idgenre>
            <name>Špionážní román</name>
        </genre>
        <genre>
            <idgenre>140</idgenre>
            <name>Sport a hry</name>
        </genre>
        <genre>
            <idgenre>141</idgenre>
            <name>Studie</name>
        </genre>
        <genre>
            <idgenre>142</idgenre>
            <name>Světová klasika</name>
        </genre>
        <genre>
            <idgenre>143</idgenre>
            <name>Světová próza</name>
        </genre>
        <genre>
            <idgenre>144</idgenre>
            <name>Thriller-napětí-dobrodružství</name>
        </genre>
        <genre>
            <idgenre>145</idgenre>
            <name>Učebnice</name>
        </genre>
        <genre>
            <idgenre>146</idgenre>
            <name>Utopie</name>
        </genre>
        <genre>
            <idgenre>147</idgenre>
            <name>Úvahy</name>
        </genre>
        <genre>
            <idgenre>148</idgenre>
            <name>Válečný román</name>
        </genre>
        <genre>
            <idgenre>149</idgenre>
            <name>Vědecká práce</name>
        </genre>
        <genre>
            <idgenre>150</idgenre>
            <name>Vojenství</name>
        </genre>
        <genre>
            <idgenre>151</idgenre>
            <name>Výbor z díla</name>
        </genre>
        <genre>
            <idgenre>152</idgenre>
            <name>Výbor z poezie</name>
        </genre>
        <genre>
            <idgenre>153</idgenre>
            <name>Výtvarné umění</name>
        </genre>
        <genre>
            <idgenre>154</idgenre>
            <name>Vzpomínky</name>
        </genre>
        <genre>
            <idgenre>155</idgenre>
            <name>Záhady, fakta a hypotézy</name>
        </genre>
        <genre>
            <idgenre>156</idgenre>
            <name>Zpěvy</name>
        </genre>
    </genres>
    <publishers>
        <publisher>
            <idpublisher>1</idpublisher>
            <name>Computer Press</name>
            <address>nám. 28. dubna 48, 635 00 Brno</address>
            <booksCollection>1</booksCollection>
            <booksCollection>3</booksCollection>
            <booksCollection>5</booksCollection>
            <booksCollection>6</booksCollection>
            <booksCollection>14</booksCollection>
            <booksCollection>16</booksCollection>
        </publisher>
        <publisher>
            <idpublisher>3</idpublisher>
            <name>Dell Publishing</name>
            <address>New York, U.S.A</address>
            <booksCollection>8</booksCollection>
            <booksCollection>9</booksCollection>
        </publisher>
        <publisher>
            <idpublisher>2</idpublisher>
            <name>Grada Publishing</name>
            <address></address>
            <booksCollection>4</booksCollection>
        </publisher>
        <publisher>
            <idpublisher>5</idpublisher>
            <name>Pearson Education Company</name>
            <address>Upper Saddle River, NJ 07458, U.S.A.</address>
            <booksCollection>17</booksCollection>
        </publisher>
        <publisher>
            <idpublisher>4</idpublisher>
            <name>Pragma</name>
            <address>V Hodkovičkách 2/20, 147 00 Praha 4</address>
            <booksCollection>12</booksCollection>
        </publisher>
    </publishers>
    <users>
        <user>
            <iduser>1</iduser>
            <forename>Admin</forename>
            <surname>Admin</surname>
            <permitNumber>1</permitNumber>
            <address></address>
            <email>admin@example.com</email>
            <registered>2011-04-08T00:00:00+02:00</registered>
            <expire>2035-04-08T00:00:00+02:00</expire>
            <password>spravce</password>
            <level>admin</level>
            <bookingCollection>1</bookingCollection>
            <borrowCollection>4</borrowCollection>
            <borrowCollection>5</borrowCollection>
        </user>
        <user>
            <iduser>2</iduser>
            <forename>Karel</forename>
            <surname>Knihovník</surname>
            <permitNumber>2</permitNumber>
            <address></address>
            <email>librarian@example.com</email>
            <registered>2011-04-08T00:00:00+02:00</registered>
            <expire>2035-04-08T00:00:00+02:00</expire>
            <password>knihovnik</password>
            <level>librarian</level>
            <bookingCollection>7</bookingCollection>
            <borrowCollection>6</borrowCollection>
        </user>
        <user>
            <iduser>3</iduser>
            <forename>Petr</forename>
            <surname>Čtenář</surname>
            <permitNumber>3</permitNumber>
            <address></address>
            <email>reader@example.com</email>
            <registered>2011-04-08T00:00:00+02:00</registered>
            <expire>2035-04-08T00:00:00+02:00</expire>
            <password>ctenar</password>
            <level>reader</level>
            <bookingCollection>3</bookingCollection>
            <bookingCollection>2</bookingCollection>
            <borrowCollection>1</borrowCollection>
            <borrowCollection>2</borrowCollection>
            <borrowCollection>3</borrowCollection>
        </user>
        <user>
            <iduser>4</iduser>
            <forename>Pepa</forename>
            <surname>Zdepa</surname>
            <permitNumber>4</permitNumber>
            <address>U Depa</address>
            <phone></phone>
            <email>pepa@zdepa.cz</email>
            <registered>2011-05-02T00:00:00+02:00</registered>
            <expire>2012-05-01T00:00:00+02:00</expire>
            <password>heslo</password>
            <level>reader</level>
            <borrowCollection>9</borrowCollection>
        </user>
        <user>
            <iduser>5</iduser>
            <forename>Lojza</forename>
            <surname>Kojza</surname>
            <permitNumber>5</permitNumber>
            <address>Kozlov 16</address>
            <phone>800 000 000</phone>
            <email>oj@za.ko</email>
            <registered>2011-05-02T00:00:00+02:00</registered>
            <expire>2012-05-01T00:00:00+02:00</expire>
            <password>heslo</password>
            <level>reader</level>
            <bookingCollection>5</bookingCollection>
            <borrowCollection>7</borrowCollection>
        </user>
        <user>
            <iduser>6</iduser>
            <forename>Karel</forename>
            <surname>Orel</surname>
            <permitNumber>6</permitNumber>
            <address>Orlík, někde na dně</address>
            <phone></phone>
            <email>kapr@orlik.cz</email>
            <registered>2011-05-02T00:00:00+02:00</registered>
            <expire>2012-05-01T00:00:00+02:00</expire>
            <password>heslo</password>
            <level>reader</level>
            <bookingCollection>6</bookingCollection>
            <borrowCollection>8</borrowCollection>
        </user>
    </users>
</library>
